{
  "config": {
    "log": "debug",
    "fileDirectory": "C:/Users/localadmin/Documents/projectabdm/work/data",
    "fileName": "sampleData.csv"
  },

  "source": {
    "file": {"path": "${fileDirectory}/${fileName}", "lock": true, "ignoreEmptyLines": true}
  },

  "extractor": {
    "csv": {"separator": ",", "columnsOnFirstLine": true}
  },

  "loader": {
    "orientdb": {
      "dbURL": "remote:localhost/testdb",
      "dbUser": "root",
      "dbPassword": "myroot",
      "dbAutoCreate": true,
      "tx": true,
      "batchCommit": 1000,
      "wal": true,
      "useLightweightEdges": false,
      "classes": [
        {"name": "User1", "extends": "V"}
      ],
      "indexes": []
    }
  }
}
