{
    "config": {
      "log": "debug",
      "fileDirectory": "/datasets",
      "fileName": "comments.csv"
    },
  
    "source": {
      "file": {"path": "${fileDirectory}/${fileName}", "lock": true, "ignoreEmptyLines": true}
    },
  
    "extractor": {
      "csv": {"separator": ",", "columnsOnFirstLine": true}
    },
    "transformers": [
      {"vertex": {"class":"Comments"}},
      { "edge": { "class": "CommentedOn",
                "joinFieldName": "user_id",
                "lookup": "User.id",
                "direction": "out"
                }
              },
      { "edge": { "class": "HasComments",
                "joinFieldName": "post_id",
                "lookup": "Posts.post_id",
                "direction": "in"
                }
    }
    ],
    "loader": {
      "orientdb": {
        "dbURL": "remote:localhost/socialdb",
        "serverUser": "root",
        "serverPassword" : "myroot",
        "dbAutoCreate": true,
        "tx": true,
        "batchCommit": 1000,
        "wal": true,
        "dbType":"graph",
        "useLightweightEdges": false,
        "classes": [
          {"name": "Comments", "extends": "V"},
          {"name": "Posts", "extends": "V"},
          {"name": "User", "extends": "V"},
          {"name": "Posts_A", "extends": "E"},
          {"name": "CommentedOn", "extends": "E"},
          {"name": "HasComments", "extends": "E"}
        ],
        "indexes": [
          {"class": "Comments", "fields": ["com_id:INTEGER"], "type": "UNIQUE"}
        ]
      }
    }
  }
  