com_id,user_id,post_id,comment_content,date,hastags
1,77,18,Send back risk.,2007-09-11,"['season', 'perform', 'middle']"
2,82,149,Hundred others thus situation between information hear.,2017-01-04,['suggest']
3,48,144,Fire compare PM responsibility.,1973-07-28,"['century', 'over']"
4,39,80,Since no hotel.,2002-08-17,"['claim', 'American']"
5,47,33,Organization hotel thank.,2023-01-31,"['suggest', 'son', 'traditional']"
6,19,133,Thing morning onto door individual.,2003-09-15,['eye']
7,78,51,Drop hear upon back letter first.,1993-12-28,"['practice', 'me']"
8,53,17,South off nothing every staff seven reason catch.,2015-04-19,"['write', 'college', 'whether', 'more', 'recognize']"
9,57,4,Note choice this have environment discussion baby.,2003-12-26,"['free', 'data', 'worker', 'close', 'compare']"
10,52,7,Degree start total according place indeed should.,2022-12-29,"['wide', 'will', 'quality', 'say']"
11,2,137,Place whole oil management represent.,2003-12-08,"['paper', 'lose', 'statement']"
12,64,43,Another usually professional design inside card.,1985-05-17,"['prove', 'trade']"
13,54,130,Generation deal interesting still might hour statement.,1996-12-11,"['organization', 'rather', 'stand', 'machine']"
14,44,124,During today discuss remember get.,2006-08-31,['ok']
15,73,9,Night foot alone security half by.,1986-12-05,"['fly', 'offer', 'term', 'similar']"
16,49,135,Something represent for home explain old article decide.,2004-10-11,"['imagine', 'mean', 'push', 'read', 'outside']"
17,55,99,Sister arm head series catch rate own himself.,1987-03-18,"['meeting', 'last', 'shoulder', 'water', 'rock']"
18,88,71,Woman PM go strong.,2001-01-25,['between']
19,93,5,Scientist much make three body.,2012-01-02,['trouble']
20,45,85,Line nation under natural natural bed hot.,2020-11-16,"['yourself', 'animal', 'cup', 'east']"
21,35,119,Seat structure focus camera statement technology family.,1994-06-22,"['whose', 'activity']"
22,17,108,Forget agent response might hotel skill say.,2016-09-26,"['individual', 'spring']"
23,68,134,Half nation hard write blue.,2016-01-21,['thus']
24,92,79,Sit positive name air trip hair air.,2006-08-11,"['but', 'they']"
25,46,64,Win turn theory east hour southern.,1991-10-05,"['American', 'low']"
26,79,58,Before plant exactly prevent more.,1998-04-22,"['clearly', 'along', 'foot', 'both', 'yard']"
27,85,77,Relate eye perhaps room.,2020-08-02,"['because', 'chance', 'fall', 'also']"
28,71,72,Arm action another save.,2001-05-04,"['else', 'measure', 'part']"
29,58,142,Window increase ever add well member second.,2013-02-02,['building']
30,7,35,Occur case traditional data almost responsibility analysis in.,2000-05-28,"['huge', 'campaign', 'knowledge', 'over', 'factor']"
31,21,29,Claim specific local run.,1978-05-23,['draw']
32,28,101,Budget experience amount walk student already name.,2004-06-01,"['work', 'computer']"
33,95,87,Hot big still leader discover.,1991-05-04,"['much', 'stuff']"
34,89,36,Wide enter indeed war situation.,1986-12-05,"['or', 'question', 'decade']"
35,66,21,Second talk even really station reality.,2005-12-27,"['threat', 'edge', 'focus', 'various']"
36,11,38,Heart heart firm figure including risk.,1996-06-04,"['vote', 'want', 'so']"
37,43,28,Itself value manager peace around.,2004-04-14,"['list', 'break', 'she', 'billion', 'still']"
38,24,94,As guess tough old month trouble black.,1996-11-25,['training']
39,13,15,High like mouth debate include.,2010-07-01,"['store', 'back']"
40,51,10,Hope professional carry community hotel them seek keep.,1982-09-26,"['serious', 'difficult']"
41,97,62,Every than home instead.,2014-05-19,"['field', 'along', 'pattern']"
42,75,46,Control middle magazine person million improve police.,2002-07-29,"['peace', 'democratic', 'simple', 'show', 'until']"
43,14,122,Third response process save program.,1983-07-25,"['see', 'hot']"
44,9,89,Everyone trade public century.,1993-06-28,"['nothing', 'next']"
45,98,109,The current so citizen door give call.,1996-12-03,"['evening', 'power', 'owner']"
46,72,63,Task might people.,1993-09-05,"['own', 'more', 'so']"
47,34,2,Employee girl remain tend staff administration seat.,2011-07-21,['he']
48,69,3,Prove husband shake simple take recognize brother suggest.,1980-08-17,"['attorney', 'picture', 'stay', 'accept', 'drug']"
49,74,88,Difference democratic present understand.,2009-08-25,"['which', 'middle']"
50,26,91,Wait hear experience best conference ask.,2023-02-23,"['method', 'that', 'himself', 'long']"
51,94,114,Admit will their instead price dream throughout.,1992-05-06,"['three', 'north']"
52,16,70,Clear charge none current.,2014-08-01,"['address', 'challenge']"
53,3,61,So several feeling put effect.,2006-12-25,"['though', 'necessary', 'feel', 'game']"
54,25,68,Rich four possible two office add.,1997-03-04,"['late', 'exactly', 'guess', 'sound', 'take']"
55,62,127,Anything think may hit leave thousand.,2015-12-16,"['director', 'field']"
56,5,98,Piece physical stage get consumer future check company.,1990-06-14,"['scene', 'become', 'so']"
57,60,145,Friend individual short certainly especially national fish.,2002-11-16,"['lawyer', 'old', 'responsibility']"
58,1,11,Child marriage third education.,2014-05-10,"['charge', 'growth', 'born', 'newspaper', 'option']"
59,33,81,Start specific ground beyond black since.,2021-06-14,['break']
60,84,82,Doctor evening test rest.,1997-11-05,"['model', 'against', 'matter', 'word']"
61,63,131,Others door too ten why.,2013-10-10,"['assume', 'behavior', 'early']"
62,86,19,Brother training each nor traditional issue thank.,2004-01-05,['level']
63,23,146,Successful remain least phone become about.,2015-05-27,"['certain', 'real']"
64,4,54,Painting adult hair full man.,2016-12-11,['water']
65,59,103,Actually but study night grow suggest open seven.,2021-04-27,"['heavy', 'also', 'heavy', 'have', 'national']"
66,20,16,Create high behind despite police.,1977-05-05,"['nation', 'boy', 'center', 'treat', 'exactly']"
67,50,107,Wind state five recent television.,2010-09-11,['rate']
68,83,140,Process score action.,1990-09-20,['charge']
69,100,53,Enough job I meet religious it.,2015-12-30,['trial']
70,67,126,Sometimes should fight tend.,2007-05-02,"['station', 'what']"
71,65,40,Generation three increase church can.,2004-10-05,"['why', 'stuff', 'key']"
72,6,128,Various base without.,1992-03-27,"['moment', 'each']"
73,36,60,Hard machine heavy.,2005-03-12,"['skill', 'stop', 'how']"
74,27,8,Television newspaper the hair.,1977-07-04,"['later', 'tough']"
75,40,66,Research at collection simple.,2002-02-19,"['force', 'that']"
76,76,116,Kind fall response no agent them.,1983-07-16,"['history', 'man', 'quickly']"
77,70,96,Pick direction too score ten determine story.,2002-07-29,"['property', 'toward', 'miss', 'involve', 'read']"
78,81,26,Often house vote property.,1983-03-03,"['me', 'energy', 'pressure', 'sell']"
79,29,37,Within seat space clear with discuss staff election.,1985-10-20,"['agree', 'nor']"
80,96,45,Where small high find specific.,1998-04-26,"['character', 'join', 'action']"
81,8,41,Likely chance method song property tough.,1999-01-08,"['voice', 'trade', 'camera', 'thank']"
82,90,14,Together what education vote risk staff sister event.,2016-03-31,['fund']
83,99,69,Responsibility decide draw require me.,1990-06-19,['understand']
84,37,123,Partner charge exist rich second surface hair and.,2013-07-23,"['performance', 'real', 'establish', 'be', 'daughter']"
85,42,27,Center medical name throughout mean page.,2003-01-10,"['whole', 'structure', 'cultural', 'sign', 'large']"
86,41,118,Value major section form soon seat top.,1991-07-29,['watch']
87,30,6,Wait you president up director order.,1983-03-03,"['property', 'material', 'bit']"
88,38,67,Need hot land drug hold daughter teacher.,1975-07-20,"['data', 'provide', 'agent', 'where']"
89,56,47,Parent old light mission stand various hand.,2008-04-08,"['between', 'off', 'success']"
90,18,113,Design alone site buy consumer.,1995-01-30,"['truth', 'remain', 'north', 'stop']"
91,22,22,Plan owner early you draw.,2003-08-23,"['draw', 'order', 'bar', 'their']"
92,10,97,Adult more activity rate.,2018-10-30,"['six', 'act']"
93,31,86,Amount political cold.,1998-12-13,"['crime', 'measure', 'particularly', 'whether', 'adult']"
94,12,30,Work least special late challenge prevent.,2005-07-05,"['per', 'machine', 'cut']"
95,61,23,Bed small research.,2002-12-07,"['civil', 'stop', 'both', 'learn', 'anyone']"
96,91,78,Bag stop three thing.,2017-07-22,"['because', 'forward']"
97,87,65,Certain ready know.,2017-07-08,"['suffer', 'bad', 'forward', 'us', 'rich']"
98,80,110,Kind eight once amount quickly.,2004-12-15,"['animal', 'continue', 'future']"
99,15,56,Animal stuff brother Republican foot.,1975-03-13,['entire']
100,32,12,Score beautiful pattern star.,2006-07-22,"['enter', 'big', 'game', 'include']"
101,77,147,Deal heart structure center certainly free board.,1985-06-22,"['expert', 'politics', 'cut', 'on', 'here']"
102,82,125,Player language toward mention simply seven.,1999-08-26,['money']
103,48,115,Couple degree despite land several magazine.,1979-12-22,"['choose', 'ten', 'final', 'himself']"
104,39,138,Tonight culture bit behind blue.,2007-08-19,"['space', 'person']"
105,47,13,World particular space trade get two sense.,2019-12-30,['defense']
106,19,117,Institution pattern around show cause indicate senior despite.,1979-01-15,"['ground', 'probably']"
107,78,42,Usually also add executive address.,1998-04-07,['appear']
108,53,39,Speech large be street kind.,1982-07-29,['herself']
109,57,105,Involve short thank clear enjoy peace.,1999-02-11,"['reflect', 'yes', 'very', 'become']"
110,52,95,Table stay fine peace.,1991-02-11,"['position', 'certain']"
111,2,55,Increase give fine list north continue trip.,1979-03-23,['compare']
112,64,143,Receive act city wonder people sea three.,1983-10-18,"['finish', 'PM', 'four']"
113,54,50,Trip bring chair perform challenge.,2003-05-18,['summer']
114,44,84,Value cost care full.,1973-12-06,"['bar', 'popular', 'officer', 'will']"
115,73,48,Garden produce finish subject late.,1983-07-24,['conference']
116,49,90,Technology check maybe public.,1993-05-29,"['very', 'kid', 'author', 'news', 'history']"
117,55,76,Set enjoy member last.,2004-04-11,"['wear', 'happen']"
118,88,31,Strategy young successful agency foreign store recently.,1984-09-05,"['sing', 'southern', 'help', 'sometimes']"
119,93,136,Thus attention source toward.,1982-12-03,['husband']
120,45,102,Far item half camera.,2013-02-21,['try']
121,35,129,Left few movement media box land enjoy.,1974-12-27,"['half', 'because']"
122,17,132,Machine shoulder sense letter air.,2022-10-03,"['music', 'city', 'manage']"
123,68,93,Its who scientist involve game reach.,2003-07-14,"['together', 'deal', 'new', 'recognize']"
124,92,92,Production claim about air.,2021-04-18,"['energy', 'case', 'population', 'billion', 'southern']"
125,46,75,Nature lead build home.,2015-02-04,"['country', 'want', 'billion', 'near', 'central']"
126,79,83,Organization tell minute recognize market down appear look.,1993-06-05,['at']
127,85,148,Few ever court.,1976-09-04,"['provide', 'expert']"
128,71,112,Than require include between so fund relationship.,1999-05-07,"['type', 'record']"
129,58,59,Listen include administration key parent from care.,1984-02-04,"['make', 'fall']"
130,7,120,Property send set others.,1983-01-11,['health']
131,21,121,Choose upon yourself approach.,1989-10-06,"['want', 'lay', 'blue', 'only']"
132,28,1,Here task somebody save now people event water.,1976-07-13,"['tough', 'scientist']"
133,95,57,Most theory site.,2002-08-15,"['interest', 'quality', 'white']"
134,89,52,Early appear series political event.,2011-08-01,"['pass', 'marriage', 'morning']"
135,66,106,Debate fire various firm mention power.,2004-04-21,"['plan', 'still', 'relationship', 'sort', 'between']"
136,11,24,Think wear good interview compare local another.,1987-11-11,"['ready', 'anyone', 'guess', 'mouth']"
137,43,104,Western report last least evening trouble property.,1980-08-03,"['what', 'not']"
138,24,73,No sit piece successful.,1997-06-25,"['human', 'sea']"
139,13,74,Side simply inside may democratic.,1975-04-21,"['evening', 'work', 'yourself']"
140,51,100,Either performance onto political girl pull image agreement.,2013-08-29,"['first', 'chair', 'trade', 'sort']"
141,97,150,Computer reflect red difference fall strong security.,1987-03-20,"['class', 'college']"
142,75,141,Trip wide turn hit south vote Congress hair.,2003-02-06,"['kid', 'shake']"
143,14,111,Majority for beautiful who nature.,2005-06-22,['mother']
144,9,34,Foot high apply resource glass.,1980-12-10,"['future', 'several', 'soon', 'everything']"
145,98,20,State leg enough.,1976-03-22,['discover']
146,72,44,Traditional break mother air.,2011-03-14,"['hold', 'best', 'idea', 'team', 'although']"
147,34,49,Pretty receive weight someone foreign.,2002-02-17,"['arrive', 'heavy', 'experience', 'reason']"
148,69,139,Brother important wind record happen article force he.,2015-08-11,"['rock', 'all', 'ahead', 'indicate', 'quickly']"
149,74,32,Special beyond meet green international rule.,1977-12-05,"['everything', 'say', 'art', 'early']"
150,26,25,Friend baby language.,1999-11-22,"['increase', 'society', 'fast']"
151,94,18,Person majority seem cold help middle physical necessary.,2008-06-08,"['can', 'a', 'hear']"
152,16,149,Minute hope less yeah fall assume role actually.,1986-04-15,['evening']
153,3,144,Around production lead successful teach question.,2016-01-15,"['ever', 'on', 'morning']"
154,25,80,Team order small family answer leg rich.,2019-02-25,"['senior', 'although']"
155,62,33,Soldier whom class stand could grow.,1975-07-15,"['member', 'office', 'environmental', 'nice']"
156,5,133,Film soldier run evening.,1980-06-28,['open']
157,60,51,Figure discussion subject future who.,2016-09-17,"['activity', 'write', 'kind', 'lot']"
158,1,17,Six scene play effect drive want fund.,2019-11-30,"['scene', 'medical', 'build', 'think', 'figure']"
159,33,4,Town school full eye over order that part.,1984-08-23,"['popular', 'major']"
160,84,7,Start give eight practice citizen here end.,1971-11-18,"['cut', 'election', 'forward', 'industry']"
161,63,137,Wear ever per.,1980-03-07,"['total', 'guy']"
162,86,43,Oil kind religious material move democratic risk operation.,1977-04-23,"['last', 'she', 'growth']"
163,23,130,Pay truth whom car.,2006-06-16,"['clearly', 'lawyer', 'authority', 'require']"
164,4,124,Shake child race policy message most pass report.,2007-01-10,"['relationship', 'half', 'through', 'school', 'enter']"
165,59,9,Catch board short identify knowledge off suffer environment.,1996-08-15,"['plan', 'consider', 'chance']"
166,20,135,Realize just executive whether.,1992-02-23,"['he', 'tend', 'past', 'together', 'late']"
167,50,99,Television his role mouth reflect movie whatever throughout.,1976-12-28,"['class', 'whom', 'account', 'name', 'life']"
168,83,71,Really amount also foreign term create.,2018-12-19,"['choose', 'way', 'experience', 'finally', 'all']"
169,100,5,Push manage none three much.,1972-10-27,"['ever', 'policy', 'eight', 'everything']"
170,67,85,None inside outside appear institution.,1976-01-17,"['low', 'door', 'media']"
171,65,119,Voice wrong music parent nor product.,1985-04-08,"['establish', 'likely', 'lawyer']"
172,6,108,Future put deal sell energy sport place.,1970-12-15,['room']
173,36,134,Many quickly effort scientist power end sort scene.,2008-11-15,['stock']
174,27,79,Explain everybody out large meeting stage.,2006-09-19,['involve']
175,40,64,Possible expert instead manager hotel color century.,1989-02-01,"['couple', 'cultural', 'oil']"
176,76,58,Majority probably watch develop.,1972-10-01,['program']
177,70,77,Off police new think share money operation.,2022-01-20,"['those', 'few', 'stay']"
178,81,72,Despite street factor law certain natural.,2009-02-21,"['note', 'enter', 'real', 'sing', 'set']"
179,29,142,Edge work morning medical teach outside I.,1980-11-11,"['matter', 'position', 'remain', 'after']"
180,96,35,Mouth one offer animal rather.,2018-07-17,['pick']
181,8,29,Ability down discuss various whom road way.,1998-12-24,"['hundred', 'since', 'expert', 'small', 'significant']"
182,90,101,We large then anything relationship discussion indicate.,1981-06-26,"['best', 'full', 'let', 'less']"
183,99,87,Page Democrat recently myself shoulder dark.,1980-03-30,"['international', 'her']"
184,37,36,Near over I seem responsibility save.,2015-12-05,"['treat', 'like']"
185,42,21,List article them environment.,2004-12-21,"['according', 'hot']"
186,41,38,Write grow thank compare stand PM.,1975-12-24,"['yard', 'live', 'wife', 'generation']"
187,30,28,Glass sign would lot ten determine agent.,1982-11-06,"['doctor', 'matter', 'student', 'I']"
188,38,94,End practice could off them exist under.,2014-01-02,['have']
189,56,15,Level car charge firm quality.,2003-08-09,"['say', 'democratic', 'thank']"
190,18,10,Free likely remember draw right writer.,2012-04-22,['country']
191,22,62,Authority feel mean space drive face person.,2000-05-25,"['will', 'company']"
192,10,46,Along choose north world inside different above.,2001-01-17,"['order', 'writer', 'would', 'black', 'thus']"
193,31,122,Several dinner what public traditional.,2014-07-14,"['not', 'they', 'player', 'relate', 'black']"
194,12,89,Leader decade resource be rock.,1982-09-27,"['attention', 'class', 'them', 'break', 'maybe']"
195,61,109,Board her few project cell region.,2016-05-06,['establish']
196,91,63,Message reduce may language occur.,1980-05-13,"['edge', 'threat', 'strategy']"
197,87,2,Single religious no respond cause.,2021-11-21,"['example', 'morning', 'can']"
198,80,3,Must year key bit pay.,2006-11-05,"['option', 'result', 'system', 'scene']"
199,15,88,Campaign quality much return add night.,1972-10-17,"['month', 'according', 'wrong', 'song']"
200,32,91,More for talk.,2006-03-31,"['it', 'stop', 'mouth', 'understand']"
