post_id,user_id,content_caption,content_type,date,location,music,hashtags
1,27,Commercial positive student rate role detail.,Photo,2023-04-27,Johnsonborough,add,"['soon', 'worker']"
2,46,Early notice woman actually level manager born yourself.,Photo,2023-04-16,Sullivanbury,institution,['item']
3,27,About my reality feeling agree heart enough treat capital fine meet radio.,Photo,2023-04-08,Rebeccashire,show,"['fund', 'popular']"
4,78,Not site defense anything avoid point listen go dream become official behind.,Photo,2023-04-17,East Tasha,win,"['point', 'place', 'leave', 'hold', 'least']"
5,40,War finish change around itself agreement increase best art nor however.,Reel,2023-04-12,North Sheriburgh,rich,"['real', 'direction', 'and']"
6,34,Claim all little world when fly somebody.,Video,2023-04-09,South Cody,stay,"['activity', 'whose', 'decide', 'director', 'such']"
7,100,Major reach station trade system growth organization state life.,Video,2023-04-06,New Evan,deal,['surface']
8,71,Interesting south different although through call control high student pay too.,Video,2023-04-22,South Sarah,such,"['test', 'poor', 'culture', 'bag', 'improve']"
9,96,Partner win forward nor seek third though break anyone office chance.,Video,2023-04-29,Port Robert,man,"['anyone', 'less', 'main', 'whatever']"
10,67,Action clearly right church decide but television color truth happy live.,Video,2023-04-12,Port Marialand,wish,"['husband', 'indicate', 'together', 'probably']"
11,62,Whole do others red direction into tonight future report else tree Republican everybody.,Video,2023-04-10,New Shawn,happy,"['vote', 'not']"
12,23,Activity thing individual option level return.,Photo,2023-04-29,East Stephanie,why,"['cover', 'bad', 'decide', 'for', 'education']"
13,95,Change mother agreement consumer forward eat employee million plan day since.,Reel,2023-04-04,West Cameron,whole,"['deep', 'about']"
14,79,Finish check myself individual action least season hour place myself space development listen.,Photo,2023-04-09,Colemanmouth,west,"['young', 'arrive', 'movie']"
15,57,Speech popular research relate senior early positive though already concern woman commercial same.,Reel,2023-04-28,Ramirezstad,effort,"['writer', 'billion', 'up', 'condition']"
16,99,Drive subject manager finish number east point inside ok.,Photo,2023-04-13,North Jefferyland,office,"['where', 'get']"
17,88,Must help air similar any western for.,Photo,2023-04-03,South Alvinside,score,"['trial', 'few', 'stock', 'soon']"
18,8,Middle station more by suffer rule green leg local various.,Photo,2023-04-15,Prattberg,pretty,"['blood', 'business', 'feel', 'attack', 'may']"
19,11,Really own sense begin professor whom.,Photo,2023-04-08,Pattonmouth,own,['top']
20,56,Building inside maintain hope grow word war feeling determine ask certainly act.,Reel,2023-04-29,Chandlerberg,language,"['among', 'focus', 'generation', 'six', 'establish']"
21,21,Home condition minute tell impact writer economy enjoy daughter.,Photo,2023-04-18,New Christine,standard,['must']
22,41,Approach stuff dream cold test son close medical today onto free.,Photo,2023-04-28,Nicoleport,least,"['final', 'agency']"
23,80,This challenge company baby even color idea ready kind remember.,Photo,2023-04-13,Smithshire,me,['hope']
24,4,Wish as phone difference expect treatment many test simply.,Video,2023-04-14,North Robin,expect,['subject']
25,16,Use far offer apply senior recently could generation early Mr represent sign.,Reel,2023-04-04,Thompsonville,authority,['gun']
26,79,And rather after entire major issue impact ahead despite end.,Photo,2023-04-15,Michaelmouth,grow,"['civil', 'perhaps', 'financial']"
27,47,Hear particular trial which direction dinner something customer peace kid history recent door.,Photo,2023-04-07,Charlesport,certain,"['fight', 'cause', 'particularly', 'better']"
28,2,Computer edge movie energy look Democrat mind politics government series middle maybe party.,Reel,2023-04-16,Browningmouth,TV,"['structure', 'leg', 'contain', 'meet']"
29,52,For exactly sometimes spend accept they million black under wear list effort.,Reel,2023-04-08,Meganstad,include,['human']
30,29,Happy son goal none better design pattern.,Reel,2023-04-30,Brendaburgh,let,"['worry', 'old', 'difficult']"
31,47,Natural address word whether key around add.,Photo,2023-04-21,Linport,somebody,"['product', 'final', 'evidence', 'information']"
32,79,Home girl with meeting structure want brother specific who than recently.,Reel,2023-04-19,Barrettchester,field,"['college', 'price', 'television', 'name']"
33,64,Program attorney act talk space yeah federal group late only town.,Photo,2023-04-20,Mandyberg,situation,"['five', 'indeed', 'away']"
34,5,Conference strategy information maintain force already personal happy.,Photo,2023-04-21,East Todd,character,"['available', 'wrong', 'which']"
35,47,Fire instead performance system and no I vote land bad.,Reel,2023-04-27,West Laura,talk,"['act', 'information', 'reality', 'manage', 'rate']"
36,79,President item grow financial off car charge.,Reel,2023-04-25,South Matthew,soldier,"['situation', 'various', 'front']"
37,96,Country impact join yourself like Mr south.,Video,2023-04-04,North William,foot,"['sure', 'live', 'boy', 'them']"
38,81,Major on use by unit wonder yourself.,Reel,2023-04-30,East Troyshire,can,"['administration', 'prevent', 'lawyer']"
39,72,Affect movie different ahead suddenly accept threat performance.,Photo,2023-04-20,Maryview,deep,"['wall', 'effort']"
40,36,Why executive his different yourself suddenly sense.,Video,2023-04-18,Brooksland,management,"['land', 'suffer', 'full', 'continue', 'grow']"
41,67,Business law author senior arrive measure chair window nation miss reveal.,Video,2023-04-13,New Willie,everyone,['indeed']
42,20,Garden pick group sit imagine ever seem.,Photo,2023-04-01,Jaclynside,remain,['attack']
43,3,Instead employee mention adult according school visit major discussion watch citizen rate goal.,Reel,2023-04-18,Stevenbury,say,"['air', 'right', 'still', 'wrong', 'explain']"
44,59,Describe election surface enjoy something would rock best result.,Photo,2023-04-05,Lake David,matter,"['out', 'church', 'recently', 'picture', 'wonder']"
45,68,How build management few left region way.,Photo,2023-04-07,West Marie,apply,"['wife', 'would', 'factor', 'financial']"
46,60,Right television age several short throughout Congress base court though program open.,Video,2023-04-22,New Richard,quickly,"['huge', 'will', 'actually', 'weight', 'sign']"
47,90,Production final open coach high likely parent government month subject beyond admit.,Video,2023-04-10,Nguyenfurt,full,"['not', 'exist', 'former', 'memory']"
48,7,Heart into pattern instead behavior here wish.,Video,2023-04-14,Lindseyland,difference,"['success', 'church']"
49,74,Data few process management never pattern position.,Photo,2023-04-30,Loweryshire,beat,"['itself', 'recently', 'letter', 'read']"
50,88,Herself he large score performance upon little reduce land else generation.,Photo,2023-04-02,New Joseph,remain,"['western', 'wind', 'from', 'recent', 'trip']"
51,99,So control PM special line leg dog thus build.,Photo,2023-04-04,North Chadville,forward,['window']
52,34,Letter top cultural audience prepare citizen.,Video,2023-04-13,West Emilyborough,clearly,"['executive', 'she', 'executive', 'work']"
53,35,Hotel agent with each use prepare parent tax down also.,Reel,2023-04-24,Fergusonberg,Democrat,['possible']
54,43,Quality gas plant economy security current.,Video,2023-04-29,Lake Donnafurt,common,"['star', 'idea']"
55,5,Social party moment their affect more all.,Video,2023-04-11,West Leslie,body,"['establish', 'indeed']"
56,53,Sign life true option security usually state sing drug understand news window.,Reel,2023-04-14,North Paulfurt,board,"['other', 'commercial', 'think', 'camera', 'prepare']"
57,20,Huge call five the east friend particular over religious western push star local.,Reel,2023-04-12,New Justin,region,"['beyond', 'us', 'little', 'grow', 'page']"
58,79,Increase in only far order today president paper.,Video,2023-04-01,Port Andrewfort,camera,"['lawyer', 'behavior', 'else', 'occur']"
59,84,International sit president just improve prevent process push election the set final me.,Photo,2023-04-16,North Ashley,agree,"['clear', 'read', 'section']"
60,35,Person current charge decision standard course field left.,Photo,2023-04-21,New Jennifer,country,['range']
61,95,Both computer keep inside democratic wind collection industry surface threat meeting build.,Reel,2023-04-18,Lake Jacqueline,radio,"['probably', 'treat', 'exist', 'threat', 'imagine']"
62,38,Ten method sure moment these term up standard.,Video,2023-04-10,East Mitchellstad,final,"['player', 'suddenly', 'itself', 'around']"
63,55,Peace government character end nice score.,Photo,2023-04-16,North Meganshire,language,"['very', 'attorney', 'treatment']"
64,90,Believe fall lawyer Democrat firm individual family rate wall fill under.,Reel,2023-04-11,Monicamouth,here,"['election', 'real', 'how', 'knowledge', 'opportunity']"
65,15,Man increase strong radio enough meeting doctor keep bar whose at school set.,Photo,2023-04-27,Lake Eric,learn,"['million', 'newspaper']"
66,3,Country go dog onto fund area boy light soon second.,Photo,2023-04-08,Alisonchester,scene,"['new', 'cover', 'determine', 'brother', 'him']"
67,28,Collection beyond rather bill owner push.,Photo,2023-04-18,West Keith,determine,"['husband', 'toward', 'state', 'this', 'away']"
68,16,Prevent Congress leader whatever add consider fight result its daughter.,Reel,2023-04-25,Port Jasonside,easy,"['week', 'nature']"
69,46,Meet particularly indeed throughout remain expert enjoy also stay its again soldier which.,Photo,2023-04-29,Melissamouth,culture,['hotel']
70,20,Use kind manager our gas catch fast.,Video,2023-04-06,Rebeccaburgh,political,['down']
71,42,Bill serve understand young deep lawyer else push toward office middle air.,Video,2023-04-20,North Tyler,but,"['benefit', 'message']"
72,72,Station president account Congress hit understand various let low rich think.,Reel,2023-04-22,Michaelhaven,white,['hold']
73,17,Director part green building degree coach.,Video,2023-04-09,Leeberg,pressure,"['past', 'protect', 'some', 'member', 'force']"
74,34,Have commercial class fire from how short raise buy end.,Photo,2023-04-22,North Rebecca,together,"['us', 'social', 'several']"
75,89,Door key once country provide series soldier herself ball far.,Reel,2023-04-06,Millerville,already,"['capital', 'recent', 'whom', 'particularly']"
76,15,Prevent by speech who thing anyone simple city offer part voice when human.,Reel,2023-04-22,Parkfurt,left,"['character', 'manager', 'offer', 'indicate']"
77,54,Same leave clear high quickly student city food well project.,Video,2023-04-27,East Mark,trial,"['situation', 'free']"
78,86,Third fear foot ask research several.,Video,2023-04-01,Sanchezbury,consumer,"['popular', 'eight', 'together', 'else']"
79,35,Tax heart interesting might message song.,Reel,2023-04-10,North Laura,together,"['economic', 'best', 'hospital', 'defense']"
80,57,Company dark decade carry her series commercial.,Video,2023-04-30,Garciabury,hair,['report']
81,17,Get whom fill those him into bar.,Video,2023-04-23,South Jesseside,century,['human']
82,57,Do build time south floor ten human kitchen meeting beyond age expert.,Reel,2023-04-02,Coxfort,free,"['everybody', 'newspaper']"
83,48,Technology season despite memory issue show woman spend industry imagine quite avoid.,Photo,2023-04-24,Nelsonchester,enter,"['brother', 'friend', 'the', 'scientist']"
84,62,Forget all feeling man artist help fear stand including out development.,Photo,2023-04-23,Snyderland,thank,"['event', 'keep', 'per', 'send']"
85,58,Business her suggest reduce American now always no save simple affect different choice.,Photo,2023-04-08,West Roger,right,"['item', 'manager', 'himself', 'region']"
86,57,Place real science lawyer beat like impact region huge particularly sense inside its.,Reel,2023-04-29,Port Jenniferside,simply,['drop']
87,52,Off return carry type economy card notice.,Photo,2023-04-02,Allenstad,choice,"['yeah', 'yes', 'friend']"
88,4,Several war painting nothing worker occur there other.,Photo,2023-04-25,Shawstad,short,"['recent', 'option', 'agency', 'music']"
89,9,Leave go and finally mind ever.,Photo,2023-04-12,East Richardhaven,push,"['event', 'author', 'cup', 'human', 'policy']"
90,10,Eat traditional light bring itself would water.,Video,2023-04-27,Hendricksberg,western,"['decide', 'surface']"
91,15,Interesting call become his anyone huge machine experience.,Reel,2023-04-03,West Julie,politics,"['identify', 'member', 'physical', 'analysis', 'ready']"
92,18,Recognize wife training fact eat new concern dinner season.,Photo,2023-04-09,Lake Elizabeth,arm,['throughout']
93,11,Citizen much serious child or pass reality fight car unit.,Photo,2023-04-16,Drakechester,blue,"['onto', 'measure', 'trade', 'media', 'lot']"
94,38,Result table character box card wrong like information.,Video,2023-04-11,New Elizabeth,its,['near']
95,2,Near employee ok value form at chair interest gas of pass television.,Video,2023-04-01,Samuelstad,hour,"['bad', 'less', 'perhaps']"
96,46,Democrat participant include sometimes get attention explain us.,Photo,2023-04-02,Port Deanbury,today,"['manage', 'science']"
97,72,Nothing receive war attention official once stand report soldier sell win ever.,Video,2023-04-06,North Johnberg,list,"['catch', 'ask', 'gas', 'north']"
98,92,Now daughter quality fall small nature hit stand other base will.,Reel,2023-04-04,Hinesshire,us,"['according', 'commercial', 'bag', 'compare', 'hold']"
99,56,Cause have help grow hear oil.,Reel,2023-04-09,Rhondaport,area,['major']
100,18,Method teacher we tax leave ability begin rather decide again half.,Reel,2023-04-01,Lake Ryanmouth,environment,['lot']
101,95,Stuff plan cultural glass like arrive report any career himself difference system figure.,Photo,2023-04-10,Lake Ellen,camera,['culture']
102,45,Put class grow scene miss floor bring next teach cause avoid federal.,Video,2023-04-22,Port Mark,without,"['sure', 'yourself', 'claim', 'brother', 'military']"
103,40,Treatment value summer husband fund skin run.,Photo,2023-04-13,East Keith,machine,['her']
104,23,Food Mrs most dinner decade culture defense smile pay whose nature.,Video,2023-04-30,Robinsonview,news,['performance']
105,39,Staff want low accept outside star.,Photo,2023-04-30,Jenniferborough,make,"['college', 'born', 'culture']"
106,97,Sort computer media through message exactly operation ready peace project.,Photo,2023-04-11,Coxmouth,case,"['spring', 'assume']"
107,57,Know since both these wish teacher method head.,Reel,2023-04-01,Port Alexandertown,candidate,"['help', 'table']"
108,47,Direction successful against play make apply begin huge.,Video,2023-04-14,New Ronaldshire,go,['tax']
109,69,Talk yard message visit base appear.,Video,2023-04-24,Aguilarmouth,help,"['identify', 'sit', 'right', 'travel']"
110,10,Our whose toward cost particularly thing citizen face describe store group stock theory.,Reel,2023-04-29,South James,green,"['analysis', 'identify', 'similar', 'animal']"
111,13,Yet discussion entire out industry wear million do.,Reel,2023-04-18,Jenniferborough,man,"['range', 'sort', 'several', 'option', 'myself']"
112,16,Final difference care meeting show church.,Reel,2023-04-15,West Randyville,successful,"['help', 'particular', 'marriage', 'own']"
113,21,Level sell bill loss material land.,Video,2023-04-16,Foxview,team,"['area', 'remain', 'model', 'give']"
114,89,Pm entire against everything cut purpose attack hit.,Photo,2023-04-04,Haleyhaven,bank,"['people', 'building']"
115,73,Writer grow piece stock degree other approach general young political protect about.,Video,2023-04-30,Charlesville,at,"['officer', 'take', 'two']"
116,12,Cell go return resource best quality seat should purpose.,Reel,2023-04-24,Perryfurt,around,"['best', 'stuff']"
117,18,Bill laugh six century new money to national summer already particular treat PM.,Photo,2023-04-30,Thomasburgh,interesting,"['prepare', 'turn', 'for', 'raise', 'mention']"
118,98,History can good real media class.,Reel,2023-04-19,Alejandroberg,process,"['property', 'face', 'certain', 'paper']"
119,50,Recognize great still pretty sound state than well none see before whole.,Photo,2023-04-21,New Laura,card,"['perhaps', 'player']"
120,88,Wall apply boy data new painting they.,Reel,2023-04-07,New Amandamouth,sometimes,"['seat', 'necessary']"
121,52,White way start set leave seek offer.,Reel,2023-04-17,South Chelseaberg,back,"['today', 'country', 'sound', 'experience']"
122,95,For general dog perform later term section leave agreement experience common stuff.,Video,2023-04-20,Lake Nicholasshire,card,['time']
123,39,Direction word save reality power middle garden one lead capital.,Reel,2023-04-15,Brandonport,trade,"['house', 'out']"
124,3,Start difficult public offer news carry heart month.,Photo,2023-04-14,New Bethview,another,"['rest', 'cold', 'turn', 'safe']"
125,7,Report continue safe city guy between subject matter account.,Video,2023-04-06,Johnsonshire,price,['product']
126,48,Parent industry oil item plant skin six enter doctor over notice.,Photo,2023-04-18,Lake Barrymouth,recently,['back']
127,9,Off effect rule road black scientist audience film.,Reel,2023-04-29,Kaylafurt,beautiful,['start']
128,45,Human capital test build contain cell yourself stand happen.,Photo,2023-04-01,West Danielmouth,picture,"['protect', 'news', 'us', 'occur', 'level']"
129,80,News cell watch for simple page too into protect shoulder idea.,Photo,2023-04-26,South Scottmouth,relationship,"['bill', 'recognize']"
130,41,Name day sure begin act student state.,Photo,2023-04-29,Christinebury,relationship,"['several', 'adult', 'feel', 'safe', 'half']"
131,17,Play role above less high responsibility market radio follow moment within floor law.,Video,2023-04-10,Allenmouth,food,['daughter']
132,53,Main hold side happen up human bed.,Photo,2023-04-19,West Amanda,fine,"['tell', 'movement', 'radio', 'security', 'building']"
133,78,High hit play until nor avoid though itself skill quite.,Video,2023-04-11,Nicoleshire,medical,"['prepare', 'buy', 'finish', 'human']"
134,54,Finish together blue along and western sign high hit deal when represent.,Photo,2023-04-03,Jacquelinefurt,there,['particularly']
135,54,Maybe everything music deep nor medical despite clear.,Reel,2023-04-14,Marcusfort,maintain,"['either', 'fine']"
136,36,West else though happen make call realize school art get different.,Reel,2023-04-21,Reidhaven,run,['radio']
137,88,Personal a attorney president he present parent child opportunity buy.,Photo,2023-04-21,West Angela,top,['whom']
138,4,Own bad choose or hotel really institution expect where shoulder.,Video,2023-04-25,Millerburgh,huge,"['short', 'suddenly', 'talk', 'community']"
139,30,Own because technology address character sound front window.,Reel,2023-04-21,Port Christopher,all,"['responsibility', 'million', 'result', 'goal', 'wish']"
140,42,Close smile trouble left what kind service institution region.,Reel,2023-04-23,Lake Tammyton,song,"['wonder', 'section', 'face', 'reveal']"
141,37,Something resource action claim eat federal southern pattern even describe cut.,Photo,2023-04-16,Hernandezmouth,whole,['guy']
142,2,Quality painting lawyer suddenly full too instead education six Congress similar product.,Video,2023-04-16,South Denise,police,"['difference', 'street', 'performance', 'purpose', 'work']"
143,22,Decade bank fear between discussion whatever degree mind she big authority.,Reel,2023-04-30,Lake Charlesville,pass,"['different', 'firm', 'series', 'ability']"
144,91,Next will still create note simple card organization.,Photo,2023-04-10,Bakermouth,rise,"['type', 'month']"
145,32,Condition under thank exactly professor beyond explain fill.,Video,2023-04-09,Mitchellland,professor,"['reveal', 'production']"
146,93,Effort own heavy necessary with artist carry right near.,Video,2023-04-12,New Emmamouth,player,"['boy', 'simply', 'day']"
147,72,Read rock fund hotel road third skin.,Video,2023-04-26,New Stephenland,already,"['sometimes', 'forward', 'right', 'age']"
148,93,Necessary knowledge note goal road from them four investment detail one technology.,Reel,2023-04-10,Hoffmanfurt,wind,"['when', 'every', 'medical']"
149,63,Such sometimes off behind whole hundred.,Photo,2023-04-27,Brownland,partner,"['surface', 'with', 'phone']"
150,61,Grow south call fine challenge difference include west design lay business.,Video,2023-04-06,Lake Jonathanville,other,['organization']
