id,name,email,password,pic,dob
1,Karl Sweeney,susanallison@example.net,^2J*U4yp65,https://picsum.photos/505/474,1948-12-27
2,Joseph Woods,tapiajason@example.com,fk32CAvj+p,https://dummyimage.com/32x755,1939-11-23
3,Kristen Sanchez,lawrencesmith@example.net,^Fa0zXWl*4,https://dummyimage.com/722x457,1991-05-23
4,Anne Perry,gina55@example.org,o#6ODJ+pYD,https://dummyimage.com/698x862,1957-02-20
5,Ryan Young,campbelljanet@example.net,)25+1ZTslH,https://dummyimage.com/583x89,1966-06-04
6,Sherry Martinez DVM,sheila03@example.net,&N$5uRcnJ),https://dummyimage.com/556x414,1973-11-23
7,Vanessa Richard,hsmith@example.org,)i06rO((q6,https://placekitten.com/765/507,1973-07-21
8,Tyler Gonzalez,ikramer@example.com,+(FT0uTyN6,https://picsum.photos/968/49,1977-11-25
9,Travis Melton,jessemacias@example.net,#1+Ru#O_@H,https://picsum.photos/426/125,1992-01-25
10,Lauren Duke,joseph42@example.org,8!3&Jyo&Ts,https://dummyimage.com/206x159,2012-12-05
11,Jamie Murphy,msullivan@example.net,_1zNS@@5!a,https://dummyimage.com/35x850,1992-08-21
12,Lynn Cruz,ambersalinas@example.com,bc9rJKXXf+,https://placekitten.com/526/134,1913-12-11
13,Angela Snyder,jenniferwilson@example.com,^4Yz^^ccB@,https://dummyimage.com/122x34,1994-07-25
14,Nicholas Vega,pjarvis@example.com,d5IX6%NV@q,https://dummyimage.com/533x632,1958-04-21
15,Jennifer Meyer,derrickcrawford@example.org,%44MdmuT2^,https://picsum.photos/554/936,1966-02-23
16,Steven Snyder,vsmith@example.org,^8TCDWV8it,https://picsum.photos/115/26,2001-07-27
17,David Lloyd,tyler47@example.net,_1YkdV#iGK,https://picsum.photos/684/512,1945-05-10
18,Keith Gordon,daniellegonzalez@example.net,q1$VM!L*#n,https://dummyimage.com/748x288,1912-04-09
19,Chad Rogers,christyarnold@example.org,+f!84LyiN7,https://dummyimage.com/307x945,1984-09-11
20,John Harrell,jesusharris@example.org,bzGh%8KqO^,https://placekitten.com/615/733,1945-01-02
21,Jeffrey Moss,travistiffany@example.net,+*5Psyt6#K,https://dummyimage.com/606x699,1926-07-06
22,Samantha Perez,markthomas@example.org,n*S1n9Gk3M,https://placekitten.com/905/579,2009-11-29
23,Rebecca Pruitt,yrichardson@example.org,(3(HBnH#_o,https://picsum.photos/81/628,1931-03-16
24,Robert Gonzalez,lterry@example.org,&DGS!wdtU5,https://placekitten.com/667/808,1910-04-15
25,Lisa Hubbard,pjackson@example.org,(WE7Nq%H%&,https://placekitten.com/190/103,1914-04-21
26,Roberto Perez,james38@example.net,o@8TOz1ZHC,https://dummyimage.com/998x761,1959-03-10
27,Kevin Snyder,jacksonblair@example.net,M7f@0SNu@l,https://picsum.photos/801/370,2010-09-01
28,Brent Miller,wmartinez@example.net,#b5YoQ55+8,https://placekitten.com/292/816,1947-02-05
29,Paul Rosales,nturner@example.org,^TcJLXSux0,https://picsum.photos/33/331,1981-05-21
30,Michael Lester,havila@example.net,Cs%n9JEb#c,https://dummyimage.com/816x910,1956-07-04
31,Michael Parsons,walshandrew@example.org,_^3HVWjhXT,https://placekitten.com/806/766,2022-04-06
32,Jose Norris,jonessteve@example.net,0JP7Rweo@3,https://picsum.photos/636/554,1973-07-04
33,Rebecca King,kimberly12@example.org,_yRE3wnVN1,https://picsum.photos/618/687,1987-02-11
34,Charles Garcia,evan65@example.com,__x0CEg8!4,https://placekitten.com/443/816,1948-09-17
35,Gregory English,mary32@example.net,+79MLCdf@i,https://dummyimage.com/379x276,1945-08-02
36,Darryl Walker,stephaniemoore@example.org,$ZLodFz+g9,https://dummyimage.com/461x8,1952-11-16
37,Lauren Briggs,nguyenjoy@example.net,ahY7DClTG(,https://picsum.photos/95/362,2004-12-15
38,Jackie Gomez,vlopez@example.com,(8_Bv9_imN,https://picsum.photos/177/605,1908-05-11
39,Kenneth Flynn,mitchellmelissa@example.org,nl*2FXPjre,https://dummyimage.com/433x537,1985-06-18
40,Mrs. Alexandria Palmer,tiffanylucas@example.net,^Aiv9BysB+,https://placekitten.com/336/804,2006-12-24
41,Susan Brown,lisa82@example.com,vK9dTD)n)!,https://placekitten.com/45/720,1955-09-02
42,William Hunter,velasquezstephen@example.net,!GQGjihP@9,https://dummyimage.com/327x461,2020-06-27
43,David Martinez,dianaharmon@example.com,x@1Ah99jb*,https://placekitten.com/340/706,1941-10-13
44,Amanda Franklin,bryanayala@example.org,)yqOO5og9M,https://picsum.photos/64/436,2010-03-20
45,Eric Young,dgomez@example.net,^4vF(qm^5c,https://dummyimage.com/943x921,1954-03-27
46,Jeremiah Boyer,angie67@example.org,_r2INg&eNJ,https://placekitten.com/764/693,1979-10-01
47,David Mendoza,hcolon@example.org,0*44HokfQM,https://placekitten.com/823/723,2014-01-16
48,Dennis Davis,dennisrobinson@example.org,v%1SgsSJ5s,https://placekitten.com/521/478,2021-02-05
49,William Santiago,christopherjones@example.org,_B00KdadTa,https://dummyimage.com/115x550,2016-07-02
50,Virginia Young,amanda68@example.net,^hGm5r8t8a,https://dummyimage.com/800x119,1958-02-19
51,Nicole Brock,lauren09@example.org,Zvr1YuEEE%,https://placekitten.com/206/602,1942-06-24
52,Kara Pacheco MD,erica68@example.com,%hHHQ*IH1j,https://dummyimage.com/493x709,1912-06-26
53,Todd Flores,iharris@example.net,Pwi5nTfp^9,https://picsum.photos/965/806,1934-04-18
54,David Welch,latasha22@example.net,%y15EkIDf4,https://dummyimage.com/813x708,1949-12-04
55,Gregory Costa MD,joshuahall@example.org,&Ts07dLi#H,https://picsum.photos/393/924,1909-07-04
56,Ashley Goodwin,coxhector@example.com,iR7jIbFV^a,https://placekitten.com/716/643,2020-04-04
57,Mr. Steven Hamilton PhD,kaitlyn30@example.org,iAoJ29Sm$H,https://placekitten.com/942/527,1990-06-08
58,Beth Serrano,jonflowers@example.org,&Is2GdydvR,https://dummyimage.com/1021x11,1951-02-06
59,Kenneth Cole,justinrichardson@example.net,%M7enSjXP!,https://dummyimage.com/689x703,1918-07-12
60,Anna Brooks,paul25@example.net,!8UhJ8gjCJ,https://picsum.photos/636/741,1970-05-01
61,Brian Reeves,jameshernandez@example.com,$bsL8Pa58u,https://picsum.photos/867/387,1974-03-12
62,Hayden Spence,igarrett@example.org,uR9OZgthw+,https://dummyimage.com/710x722,2016-11-27
63,Carol Miller,vanessagardner@example.org,^818YsakH*,https://dummyimage.com/944x0,1999-05-01
64,Jennifer Allen,toddyvonne@example.net,s_v8jHw2zr,https://picsum.photos/170/709,2006-04-24
65,Barbara Vargas,jacob65@example.net,$_G9KmHx(6,https://placekitten.com/598/597,1948-07-25
66,Matthew Hernandez,joseph95@example.org,Y$rL9EHxWD,https://dummyimage.com/30x539,1999-07-25
67,Traci Moore,franklinharrington@example.com,2+U#n(nP(0,https://dummyimage.com/669x589,1924-06-29
68,Jeffery Gibson,williamsstephanie@example.org,HlO2@KQt(n,https://placekitten.com/902/410,1938-09-29
69,Matthew Newman,mirandathomas@example.net,vy*8CTVyeE,https://placekitten.com/754/913,1929-07-07
70,Patricia Jefferson,kristenwoods@example.org,k+!Z4mVq%0,https://picsum.photos/724/997,1998-10-08
71,Patrick Taylor,gailjackson@example.org,^xHO9qrd5s,https://dummyimage.com/866x1006,1926-12-20
72,John Wolf,gherrera@example.org,@5Z+m@0_#g,https://placekitten.com/369/734,1948-01-25
73,Leslie King,smithkelly@example.org,d63B!eI#_m,https://placekitten.com/774/25,1952-05-24
74,Mrs. Lynn Morales,barrerastephanie@example.com,5a6tHaXl+%,https://dummyimage.com/413x116,1982-12-17
75,Angelica Huang,lisacastillo@example.org,y^g858Fuo3,https://placekitten.com/740/764,1954-11-11
76,Jeremy Coleman,rileyashley@example.com,6Qjk9Pob%D,https://placekitten.com/488/193,1988-04-09
77,Jennifer Rich,petersonrita@example.org,R@2P0Q*vAe,https://placekitten.com/530/547,1920-11-02
78,Reginald Lewis,changdavid@example.net,R5HJl^n)(x,https://placekitten.com/615/702,1998-06-26
79,Amber Mcintosh,jeffrey01@example.com,!L3yFecip&,https://picsum.photos/417/483,1920-10-10
80,Julia Navarro,reedjason@example.com,G3pUyFnC__,https://placekitten.com/891/742,2005-09-23
81,Cesar Franklin MD,curtisjohnson@example.org,E83lZe!V(u,https://picsum.photos/711/785,1929-11-18
82,Alexis Travis,martinmatthew@example.com,(*AoqRRd3U,https://placekitten.com/120/573,2001-08-19
83,Angela Camacho,brenda46@example.com,!oANHiAvL6,https://picsum.photos/931/774,1999-10-14
84,Manuel Aguirre,tdecker@example.org,17p17UKo@a,https://picsum.photos/726/670,1909-02-19
85,Christina Bond,toddrodriguez@example.org,^$Y5zO+%Ip,https://placekitten.com/731/403,1986-07-09
86,Lisa Richardson,mbaker@example.org,E8oABt!U_0,https://dummyimage.com/576x848,1972-12-23
87,Mr. Christopher Taylor,moyermichael@example.net,FtbWKl+8%6,https://placekitten.com/55/89,1988-10-28
88,Sabrina Pacheco,davisjennifer@example.com,&^8XfIfzaI,https://dummyimage.com/557x410,1908-04-03
89,Brandi Price,collinsrichard@example.org,1!7Uk@$#1Q,https://picsum.photos/48/850,1987-04-02
90,David Collins,nguyenchristopher@example.org,yk1YcS+y@s,https://dummyimage.com/1020x409,2000-11-30
91,Wayne Miles,jessicamichael@example.com,91YWSQwv&J,https://dummyimage.com/811x820,1935-06-20
92,Matthew Lucero,bridgesray@example.org,9Xg6sBId+H,https://placekitten.com/513/693,1911-05-31
93,Scott Moore,jenniferanderson@example.com,6dteUtFw_E,https://placekitten.com/1020/671,1909-01-27
94,Anna Martinez,valerie41@example.net,la$9F$iU3^,https://picsum.photos/1018/744,1966-05-27
95,Amanda Cox,stephen17@example.com,P^2Av1Vd4_,https://placekitten.com/564/326,1977-06-12
96,Nicole Goodman,ekelley@example.org,&(4PgqQiB0,https://placekitten.com/97/99,1981-03-01
97,Tammy Herrera,schultzjoseph@example.org,F6(5I8)r(Q,https://dummyimage.com/282x584,1953-04-11
98,Holly Brown,juliefox@example.com,rO18NKtq*r,https://dummyimage.com/763x636,1908-01-31
99,Michael Jones,mcleansarah@example.net,%5Wd8W0w#j,https://placekitten.com/589/726,1996-02-07
100,Andre Thomas,christina40@example.org,xnth(0Jix6,https://dummyimage.com/444x839,1921-10-09
