{
    "config": {
      "log": "debug",
      "fileDirectory": "/datasets",
      "fileName": "users.csv"
    },
  
    "source": {
      "file": {"path": "${fileDirectory}/${fileName}", "lock": true, "ignoreEmptyLines": true}
    },
  
    "extractor": {
      "csv": {"separator": ",", "columnsOnFirstLine": true}
    },
    "transformers": [
      {"vertex": {"class":"User"}}
    ],
    "loader": {
      "orientdb": {
        "dbURL": "remote:localhost/socialdb",
        "serverUser": "root",
        "serverPassword" : "myroot",
        "dbAutoCreate": true,
        "tx": true,
        "batchCommit": 1000,
        "wal": true,
        "dbType":"graph",
        "useLightweightEdges": false,
        "classes": [
          {"name": "User", "extends": "V"}
        ],
        "indexes": [
          {"class": "User", "fields": ["id:INTEGER"], "type": "UNIQUE"}
        ]
      }
    }
  }
  